nbapersonid,season,All_NBA_First_Team,All_NBA_Second_Team,All_NBA_Third_Team,all_star_game,Defensive_Player_of_The_Year,Most_Valuable_Player
76003,1983,1,0,0,True,0,0
76003,1984,0,1,0,True,0,0
76003,1985,1,0,0,True,0,0
200746,2010,0,0,1,False,0,0
200746,2013,0,0,1,True,0,0
200746,2014,0,1,0,True,0,0
200746,2015,0,0,1,True,0,0
200746,2017,0,1,0,True,0,0
951,2000,0,0,1,True,0,0
951,2004,0,1,0,True,0,0
203507,2016,0,1,0,True,0,0
203507,2017,0,1,0,True,0,0
203507,2018,1,0,0,True,0,1
203507,2019,1,0,0,True,1,1
203507,2020,1,0,0,True,0,0
203507,2021,1,0,0,True,0,0
203507,2022,1,0,0,True,0,0
2546,2005,0,0,1,False,0,0
2546,2006,0,0,1,True,0,0
2546,2008,0,0,1,False,0,0
2546,2009,0,1,0,True,0,0
2546,2011,0,0,1,True,0,0
2546,2012,0,1,0,True,0,0
2240,2004,0,0,1,True,0,0
2240,2005,0,0,1,True,0,0
2240,2006,0,1,0,True,0,0
452,1996,0,0,1,True,0,0
452,1997,0,1,0,True,0,0
787,1985,0,1,0,False,0,0
787,1986,0,1,0,True,0,0
787,1987,1,0,0,True,0,0
787,1988,1,0,0,True,0,0
787,1989,1,0,0,True,0,0
787,1990,1,0,0,True,0,0
787,1991,0,1,0,True,0,0
787,1992,1,0,0,True,0,1
787,1993,0,1,0,False,0,0
787,1994,0,1,0,True,0,0
787,1995,0,0,1,True,0,0
203078,2020,0,0,1,True,0,0
1497,2005,0,1,0,True,0,0
1497,2006,0,0,1,True,0,0
1497,2008,0,0,1,True,0,0
1449,1983,1,0,0,True,0,1
1449,1984,1,0,0,True,0,1
1449,1985,1,0,0,True,0,1
1449,1986,1,0,0,True,0,0
1449,1987,1,0,0,True,0,0
1449,1989,0,1,0,True,0,0
101106,2009,0,0,1,False,0,0
1626164,2021,1,0,0,True,0,0
2430,2007,0,0,1,True,0,0
2547,2006,0,1,0,True,0,0
1882,2005,0,1,0,True,0,0
1627759,2022,0,1,0,True,0,0
977,1998,0,0,1,False,0,0
977,1999,0,1,0,True,0,0
977,2000,0,1,0,True,0,0
977,2001,1,0,0,True,0,0
977,2002,1,0,0,True,0,0
977,2003,1,0,0,True,0,0
977,2004,0,0,1,True,0,0
977,2005,1,0,0,True,0,0
977,2006,1,0,0,True,0,0
977,2007,1,0,0,True,0,1
977,2008,1,0,0,True,0,0
977,2009,1,0,0,True,0,0
977,2010,1,0,0,True,0,0
977,2011,1,0,0,True,0,0
977,2012,1,0,0,True,0,0
202710,2016,0,0,1,True,0,0
202710,2017,0,0,1,True,0,0
202710,2019,0,0,1,True,0,0
202710,2020,0,0,1,False,0,0
202710,2022,0,1,0,False,0,0
101115,2011,0,1,0,True,0,0
1713,1999,0,0,1,True,0,0
1713,2000,0,1,0,True,0,0
208,2003,0,1,0,True,0,0
1472,1988,0,1,0,True,0,0
1472,1989,0,1,0,True,0,0
2199,2011,0,0,1,False,1,0
934,1992,0,0,1,False,0,0
934,1993,0,0,1,True,0,0
202326,2014,0,1,0,True,0,0
202326,2015,0,1,0,True,0,0
187,1984,0,1,0,True,0,0
187,1988,0,0,1,True,0,0
201939,2013,0,1,0,True,0,0
201939,2014,1,0,0,True,0,1
201939,2015,1,0,0,True,0,1
201939,2016,0,1,0,True,0,0
201939,2017,0,0,1,True,0,0
201939,2018,1,0,0,True,0,0
201939,2020,1,0,0,True,0,0
201939,2021,0,1,0,True,0,0
201939,2022,0,1,0,False,0,0
76504,1983,0,1,0,True,0,0
921,1991,0,0,1,True,0,0
203076,2014,1,0,0,False,0,0
203076,2016,1,0,0,True,0,0
203076,2017,1,0,0,True,0,0
203076,2019,1,0,0,True,0,0
1884,2003,0,0,1,True,0,0
201942,2016,0,0,1,True,0,0
201942,2017,0,1,0,True,0,0
201942,2021,0,1,0,True,0,0
1629029,2019,1,0,0,True,0,0
1629029,2020,1,0,0,True,0,0
1629029,2021,1,0,0,True,0,0
1629029,2022,1,0,0,True,0,0
201609,2013,0,0,1,False,0,0
17,1987,0,1,0,True,0,0
17,1989,0,0,1,True,0,0
17,1990,0,1,0,True,0,0
17,1991,1,0,0,True,0,0
17,1994,0,0,1,False,0,0
203083,2015,0,0,1,True,0,0
247,1989,0,0,1,True,0,0
247,1990,0,0,1,True,0,0
247,1992,0,1,0,True,0,0
1495,1997,1,0,0,True,0,0
1495,1998,1,0,0,False,0,0
1495,1999,1,0,0,True,0,0
1495,2000,1,0,0,True,0,0
1495,2001,1,0,0,True,0,1
1495,2002,1,0,0,True,0,1
1495,2003,1,0,0,True,0,0
1495,2004,1,0,0,True,0,0
1495,2005,0,1,0,True,0,0
1495,2006,1,0,0,True,0,0
1495,2007,0,1,0,True,0,0
1495,2008,0,1,0,True,0,0
1495,2009,0,0,1,True,0,0
1495,2012,1,0,0,True,0,0
1495,2014,0,0,1,True,0,0
201142,2009,1,0,0,True,0,0
201142,2010,1,0,0,True,0,0
201142,2011,1,0,0,True,0,0
201142,2012,1,0,0,True,0,0
201142,2013,1,0,0,True,0,1
201142,2015,0,1,0,True,0,0
201142,2016,0,1,0,True,0,0
201142,2017,1,0,0,True,0,0
201142,2018,0,1,0,True,0,0
201142,2021,0,1,0,False,0,0
107,1988,0,0,1,True,0,0
203954,2017,0,1,0,True,0,0
203954,2018,0,1,0,True,0,0
203954,2020,0,1,0,False,0,0
203954,2021,0,1,0,True,0,0
203954,2022,1,0,0,True,0,1
76673,1985,0,1,0,True,0,0
76681,1983,0,1,0,True,0,0
121,1987,0,1,0,True,0,0
121,1988,0,1,0,True,0,0
121,1989,1,0,0,True,0,0
121,1990,0,1,0,True,0,0
121,1991,0,1,0,True,0,0
121,1992,0,1,0,True,0,0
121,1996,0,1,0,False,0,0
1628368,2022,0,0,1,True,0,0
708,1998,0,0,1,False,0,0
708,1999,1,0,0,True,0,0
708,2000,0,1,0,True,0,0
708,2001,0,1,0,True,0,0
708,2002,1,0,0,True,0,0
708,2003,1,0,0,True,0,1
708,2004,0,1,0,True,0,0
708,2006,0,0,1,True,0,0
708,2007,1,0,0,False,1,0
201188,2012,0,1,0,False,1,0
201188,2014,1,0,0,True,0,0
2200,2008,0,0,1,True,0,0
2200,2009,0,0,1,True,0,0
2200,2010,0,1,0,True,0,0
2200,2014,0,1,0,True,0,0
202331,2012,0,0,1,True,0,0
202331,2013,0,0,1,True,0,0
202331,2015,0,0,1,True,0,0
202331,2017,0,0,1,True,0,0
202331,2018,1,0,0,True,0,0
202331,2020,0,0,1,True,0,0
1628983,2022,1,0,0,True,0,0
1938,2007,0,0,1,False,0,0
1938,2010,0,0,1,True,0,0
203497,2016,0,1,0,False,0,0
203497,2018,0,0,1,False,1,0
203497,2019,0,0,1,True,0,0
203497,2020,0,0,1,True,1,0
203110,2015,0,1,0,True,0,0
203110,2016,0,0,1,True,1,0
201933,2011,0,1,0,True,0,0
201933,2012,0,1,0,True,0,0
201933,2013,0,1,0,True,0,0
201933,2014,0,0,1,False,0,0
201933,2018,0,0,1,True,0,0
358,1994,1,0,0,True,0,0
358,1995,1,0,0,True,0,0
358,1996,0,0,1,True,0,0
896,1991,0,1,0,True,0,0
896,1992,0,0,1,True,0,0
896,1996,1,0,0,True,0,0
896,1997,0,1,0,True,0,0
896,1998,0,1,0,False,0,0
201935,2012,0,0,1,True,0,0
201935,2013,1,0,0,True,0,0
201935,2014,1,0,0,True,0,0
201935,2016,1,0,0,True,0,0
201935,2017,1,0,0,True,0,1
201935,2018,1,0,0,True,0,0
201935,2019,1,0,0,True,0,0
255,1995,0,1,0,True,0,0
255,1996,1,0,0,True,0,0
255,1997,0,1,0,True,0,0
255,1998,0,1,0,False,0,0
255,1999,0,1,0,True,0,0
201143,2010,0,0,1,True,0,0
2730,2006,0,0,1,True,0,0
2730,2007,1,0,0,True,0,0
2730,2008,1,0,0,True,1,0
2730,2009,1,0,0,True,1,0
2730,2010,1,0,0,True,1,0
2730,2011,1,0,0,True,0,0
2730,2012,0,0,1,True,0,0
2730,2013,0,1,0,True,0,0
436,1995,0,0,1,True,0,0
202681,2014,0,0,1,True,0,0
202681,2018,0,1,0,True,0,0
202681,2020,0,0,1,True,0,0
947,1998,1,0,0,False,0,0
947,1999,0,1,0,True,0,0
947,2000,1,0,0,True,0,1
947,2001,0,1,0,True,0,0
947,2002,0,1,0,True,0,0
947,2004,1,0,0,True,0,0
947,2005,0,0,1,True,0,0
2544,2004,0,1,0,True,0,0
2544,2005,1,0,0,True,0,0
2544,2006,0,1,0,True,0,0
2544,2007,1,0,0,True,0,0
2544,2008,1,0,0,True,0,1
2544,2009,1,0,0,True,0,1
2544,2010,1,0,0,True,0,0
2544,2011,1,0,0,True,0,1
2544,2012,1,0,0,True,0,1
2544,2013,1,0,0,True,0,0
2544,2014,1,0,0,True,0,0
2544,2015,1,0,0,True,0,0
2544,2016,1,0,0,True,0,0
2544,2017,1,0,0,True,0,0
2544,2018,0,0,1,True,0,0
2544,2019,1,0,0,True,0,0
2544,2020,0,1,0,True,0,0
2544,2021,0,0,1,True,0,0
2544,2022,0,0,1,True,0,0
2744,2013,0,0,1,False,0,0
2207,2009,0,0,1,True,0,0
134,1988,0,1,0,False,0,0
134,1989,0,1,0,True,0,0
134,1990,0,1,0,True,0,0
134,1991,0,0,1,False,0,0
134,1993,0,1,0,True,0,0
913,1992,0,1,0,True,0,0
77142,1983,1,0,0,True,0,0
77142,1984,1,0,0,True,0,0
77142,1985,1,0,0,True,0,0
77142,1986,1,0,0,True,0,1
77142,1987,1,0,0,True,0,0
77142,1988,1,0,0,False,0,1
77142,1989,1,0,0,True,0,1
77142,1990,1,0,0,True,0,0
203999,2018,1,0,0,True,0,0
203999,2019,0,1,0,True,0,0
203999,2020,1,0,0,True,0,1
203999,2021,1,0,0,True,0,1
203999,2022,0,1,0,True,0,0
224,1999,0,0,1,True,0,0
201599,2014,0,0,1,False,0,0
201599,2015,1,0,0,False,0,0
201599,2016,0,0,1,True,0,0
893,1984,0,1,0,True,0,0
893,1986,1,0,0,True,0,0
893,1987,1,0,0,True,1,1
893,1988,1,0,0,True,0,0
893,1989,1,0,0,True,0,0
893,1990,1,0,0,True,0,1
893,1991,1,0,0,True,0,1
893,1992,1,0,0,True,0,0
893,1995,1,0,0,True,0,1
893,1996,1,0,0,True,0,0
893,1997,1,0,0,True,0,1
431,1993,0,1,0,True,0,0
431,1994,0,1,0,True,0,0
431,1995,0,1,0,True,0,0
467,1998,1,0,0,False,0,0
467,1999,1,0,0,True,0,0
467,2000,1,0,0,True,0,0
467,2001,1,0,0,True,0,0
467,2002,0,1,0,True,0,0
467,2003,1,0,0,True,0,0
77264,1983,1,0,0,True,0,0
77264,1984,1,0,0,True,0,0
77264,1990,0,0,1,True,0,0
101135,2012,0,0,1,True,0,0
202695,2015,1,0,0,True,1,0
202695,2016,1,0,0,True,0,0
202695,2018,0,1,0,True,0,0
202695,2019,0,1,0,True,0,0
202695,2020,1,0,0,True,0,0
77376,1986,0,1,0,False,0,0
203081,2013,0,0,1,True,0,0
203081,2015,0,1,0,False,0,0
203081,2017,1,0,0,True,0,0
203081,2018,0,1,0,True,0,0
203081,2019,0,1,0,True,0,0
203081,2020,0,1,0,True,0,0
203081,2022,0,0,1,True,0,0
201567,2011,0,1,0,True,0,0
201567,2013,0,1,0,True,0,0
200768,2015,0,0,1,True,0,0
252,1987,0,1,0,True,0,0
252,1988,1,0,0,True,0,0
252,1989,1,0,0,False,0,0
252,1990,1,0,0,True,0,0
252,1991,1,0,0,True,0,0
252,1992,1,0,0,True,0,0
252,1993,1,0,0,True,0,0
252,1994,1,0,0,True,0,0
252,1995,1,0,0,True,0,0
252,1996,1,0,0,True,0,1
252,1997,1,0,0,True,0,0
252,1998,1,0,0,False,0,1
252,1999,0,1,0,True,0,0
252,2000,0,0,1,True,0,0
77449,1983,0,1,0,False,0,0
77449,1984,1,0,0,True,0,0
77449,1986,0,1,0,True,0,0
950,1999,0,0,1,False,0,0
950,2002,0,0,1,True,0,0
1890,2004,0,0,1,True,0,0
1890,2005,0,0,1,True,0,0
469,2002,0,0,1,True,0,0
193,1996,0,0,1,False,0,0
686,1998,0,0,1,False,0,0
1503,2000,0,1,0,True,0,0
1503,2001,1,0,0,True,0,0
1503,2002,1,0,0,True,0,0
1503,2003,0,1,0,True,0,0
1503,2004,0,0,1,True,0,0
1503,2006,0,1,0,True,0,0
1503,2007,0,0,1,False,0,0
1450,1986,1,0,0,True,0,0
397,1994,0,0,1,True,0,0
397,1995,0,0,1,True,0,0
397,1997,0,0,1,True,0,0
1628378,2022,0,1,0,True,0,0
77626,1983,0,1,0,True,1,0
77626,1984,0,1,0,True,0,0
77626,1985,0,1,0,True,0,0
1629630,2021,0,1,0,True,0,0
297,1998,1,0,0,False,1,0
297,1999,0,1,0,True,1,0
904,1988,0,1,0,True,0,0
904,1989,0,0,1,True,0,0
904,1990,0,1,0,True,0,0
904,1991,1,0,0,True,0,0
87,1997,0,0,1,True,1,0
87,2000,0,1,0,True,1,0
87,2001,0,0,1,True,0,0
959,2001,0,0,1,True,0,0
959,2002,0,0,1,True,0,0
959,2004,1,0,0,True,0,1
959,2005,1,0,0,True,0,1
959,2006,1,0,0,False,0,0
959,2007,0,1,0,True,0,0
959,2009,0,1,0,True,0,0
201149,2013,1,0,0,True,1,0
1717,2000,0,0,1,False,0,0
1717,2001,0,1,0,True,0,0
1717,2002,0,1,0,True,0,0
1717,2003,0,0,1,True,0,0
1717,2004,1,0,0,True,0,0
1717,2005,1,0,0,True,0,0
1717,2006,1,0,0,True,0,1
1717,2007,0,1,0,True,0,0
1717,2008,1,0,0,True,0,0
1717,2009,0,1,0,True,0,0
1717,2010,0,1,0,True,0,0
1717,2011,0,0,1,True,0,0
979,2001,0,0,1,True,0,0
979,2002,0,0,1,True,0,0
979,2003,0,1,0,True,0,0
406,1993,0,0,1,True,0,0
406,1994,0,1,0,True,0,0
406,1995,0,0,1,True,0,0
406,1996,0,0,1,False,0,0
406,1997,1,0,0,True,0,0
406,1998,0,1,0,False,0,0
406,1999,1,0,0,True,0,1
406,2000,1,0,0,True,0,0
406,2001,1,0,0,False,0,0
406,2002,1,0,0,True,0,0
406,2003,1,0,0,True,0,0
406,2004,1,0,0,True,0,0
406,2005,1,0,0,True,0,0
406,2008,0,0,1,True,0,0
203506,2017,0,0,1,True,0,0
165,1985,0,1,0,True,0,0
165,1986,1,0,0,True,0,0
165,1987,1,0,0,True,0,0
165,1988,1,0,0,True,0,0
165,1989,0,1,0,True,0,0
165,1990,0,0,1,False,0,0
165,1992,1,0,0,True,1,0
165,1993,1,0,0,True,1,1
165,1994,0,0,1,True,0,0
165,1995,0,1,0,True,0,0
165,1996,1,0,0,True,0,0
165,1998,0,0,1,False,0,0
305,1988,0,0,1,False,0,0
2225,2008,0,0,1,True,0,0
2225,2011,0,1,0,True,0,0
2225,2012,0,1,0,True,0,0
2225,2013,0,1,0,True,0,0
101108,2007,1,0,0,True,0,0
101108,2008,0,1,0,True,0,0
101108,2010,0,0,1,True,0,0
101108,2011,1,0,0,True,0,0
101108,2012,1,0,0,True,0,0
101108,2013,1,0,0,True,0,0
101108,2014,0,1,0,True,0,0
101108,2015,0,1,0,True,0,0
101108,2019,0,1,0,True,0,0
101108,2021,0,0,1,True,0,0
101108,2020,0,1,0,True,0,0
77819,1983,0,1,0,True,0,0
56,1993,0,0,1,True,0,0
56,1994,0,1,0,True,0,0
56,1995,0,1,0,True,1,0
56,1996,0,1,0,True,0,0
56,1997,1,0,0,True,0,0
56,1998,0,1,0,False,0,0
56,1999,1,0,0,True,0,0
56,2000,0,0,1,True,0,0
56,2001,0,1,0,True,0,0
77845,1992,0,0,1,False,0,0
1718,2001,0,0,1,True,0,0
1718,2002,0,0,1,True,0,0
1718,2007,0,0,1,True,0,0
1718,2008,0,1,0,True,0,0
937,1991,0,1,0,True,0,0
937,1992,0,0,1,True,0,0
937,1993,1,0,0,True,0,0
937,1994,1,0,0,True,0,0
937,1995,1,0,0,True,0,0
937,1996,0,1,0,True,0,0
937,1997,0,0,1,False,0,0
899,1988,0,0,1,True,0,0
899,1991,0,0,1,True,0,0
899,1992,1,0,0,True,0,0
899,1993,0,0,1,True,0,0
203944,2020,0,1,0,True,0,0
203944,2022,0,0,1,True,0,0
2216,2010,0,0,1,False,0,0
2072,2003,0,0,1,True,0,0
779,1996,0,1,0,True,0,0
779,1997,0,0,1,True,0,0
782,1993,0,1,0,True,0,0
782,1994,0,1,0,True,0,0
782,1995,0,0,1,True,0,0
782,1996,0,1,0,True,0,0
782,1997,0,0,1,True,0,0
926,1985,0,1,0,True,1,0
764,1989,0,0,1,True,0,0
764,1990,1,0,0,True,0,0
764,1991,1,0,0,True,1,0
764,1992,0,0,1,True,0,0
764,1993,0,1,0,True,0,0
764,1994,1,0,0,True,0,1
764,1995,1,0,0,True,0,0
764,1997,0,1,0,True,0,0
764,1999,0,0,1,True,0,0
764,2000,0,0,1,True,0,0
23,1991,0,0,1,True,0,0
23,1994,0,0,1,False,0,0
200765,2011,0,0,1,True,0,0
201565,2010,1,0,0,True,0,1
200750,2008,0,1,0,True,0,0
200750,2009,0,0,1,True,0,0
1627734,2022,0,0,1,True,0,0
78055,1984,0,1,0,True,0,0
96,1994,0,0,1,True,0,0
1627783,2019,0,1,0,True,0,0
1627783,2021,0,0,1,False,0,0
1627732,2019,0,0,1,True,0,0
84,1993,1,0,0,True,0,0
304,1987,0,1,0,False,0,0
304,1988,0,1,0,True,0,0
304,1989,0,1,0,True,0,0
304,1990,0,0,1,True,0,0
304,1991,0,1,0,True,0,0
304,1992,0,1,0,True,0,0
304,1993,1,0,0,True,0,0
304,1994,1,0,0,True,0,0
304,1995,0,1,0,True,0,0
304,1996,0,0,1,True,0,0
304,1998,0,0,1,False,0,0
978,2003,0,1,0,True,0,0
2405,2004,0,1,0,True,0,0
2405,2006,1,0,0,True,0,0
2405,2007,0,1,0,True,0,0
2405,2009,0,1,0,True,0,0
2405,2010,0,1,0,True,0,0
393,1997,0,1,0,False,0,0
1628369,2019,0,0,1,True,0,0
1628369,2021,1,0,0,True,0,0
1628369,2022,1,0,0,True,0,0
202738,2016,0,1,0,True,0,0
78318,1983,1,0,0,True,0,0
78318,1984,1,0,0,True,0,0
78318,1985,1,0,0,True,0,0
78318,1986,0,1,0,True,0,0
202691,2014,0,0,1,True,0,0
202691,2015,0,0,1,True,0,0
1626157,2017,0,0,1,True,0,0
1626157,2021,0,0,1,True,0,0
2548,2004,0,1,0,True,0,0
2548,2005,0,1,0,True,0,0
2548,2006,0,0,1,True,0,0
2548,2008,1,0,0,True,0,0
2548,2009,1,0,0,True,0,0
2548,2010,0,1,0,True,0,0
2548,2011,0,0,1,True,0,0
2548,2012,0,0,1,True,0,0
202689,2018,0,0,1,True,0,0
202322,2016,0,0,1,True,0,0
1112,2001,0,0,1,False,1,0
1112,2002,0,1,0,True,1,0
1112,2003,0,1,0,True,0,0
1112,2004,0,0,1,True,1,0
1112,2005,0,1,0,True,1,0
185,1998,0,1,0,False,0,0
185,1999,0,0,1,True,0,0
185,2000,1,0,0,True,0,0
185,2001,0,1,0,True,0,0
185,2002,0,1,0,False,0,0
201566,2010,0,1,0,True,0,0
201566,2011,0,1,0,True,0,0
201566,2012,0,1,0,True,0,0
201566,2014,0,1,0,True,0,0
201566,2015,1,0,0,True,0,0
201566,2016,1,0,0,True,0,1
201566,2017,0,1,0,True,0,0
201566,2018,0,0,1,True,0,0
201566,2019,0,0,1,True,0,0
1122,1985,1,0,0,True,0,0
1122,1986,0,1,0,True,0,0
1122,1987,0,1,0,True,0,0
1122,1988,0,0,1,True,0,0
1122,1990,0,1,0,True,0,0
1122,1992,0,1,0,True,0,0
1122,1993,0,0,1,True,0,0
101114,2007,0,1,0,False,0,0
101114,2009,0,1,0,True,0,0
788,1991,0,0,1,True,0,0
1897,2003,0,0,1,True,1,0
1460,1989,0,0,1,True,0,0
1460,1990,0,0,1,True,0,0
2397,2003,0,0,1,True,0,0
2397,2005,0,0,1,True,0,0
2397,2006,0,1,0,False,0,0
2397,2007,0,0,1,True,0,0
2397,2008,0,1,0,True,0,0
1629027,2021,0,0,1,True,0,0
1628374,2022,0,0,0,True,0,0
1629630,2022,0,0,0,True,0,0
1628389,2022,0,0,0,True,0,0
201942,2022,0,0,0,True,0,0
201950,2022,0,0,0,True,0,0
1627783,2022,0,0,0,True,0,0
202681,2022,0,0,0,True,0,0
202331,2022,0,0,0,True,0,0
1630162,2022,0,0,0,True,0,0
1630169,2022,0,0,0,True,0,0
1628991,2022,0,0,0,True,1,0
203952,2021,0,0,0,True,0,0
203897,2021,0,0,0,True,0,0
203114,2021,0,0,0,True,0,0
203497,2021,0,0,0,True,0,0
1630163,2021,0,0,0,True,0,0
1627749,2021,0,0,0,True,0,0
202710,2021,0,0,0,True,0,0
1627832,2021,0,0,0,True,0,0
1628386,2021,0,0,0,True,0,0
1629636,2021,0,0,0,True,0,0
1627759,2020,0,0,0,True,0,0
1627734,2020,0,0,0,True,0,0
1628369,2020,0,0,0,True,0,0
1629627,2020,0,0,0,True,0,0
203897,2020,0,0,0,True,0,0
202696,2020,0,0,0,True,0,0
1628378,2020,0,0,0,True,0,0
201935,2020,0,0,0,True,0,0
201144,2020,0,0,0,True,0,0
1627734,2019,0,0,0,True,0,0
1626164,2019,0,0,0,True,0,0
203954,2019,0,0,0,True,0,0
1629027,2019,0,0,0,True,0,0
202689,2019,0,0,0,True,0,0
200768,2019,0,0,0,True,0,0
1628389,2019,0,0,0,True,0,0
1628378,2019,0,0,0,True,0,0
1627742,2019,0,0,0,True,0,0
203114,2019,0,0,0,True,0,0
202691,2018,0,0,0,True,0,0
200746,2018,0,0,0,True,0,0
203076,2018,0,0,0,True,0,0
203078,2018,0,0,0,True,0,0
2548,2018,0,0,0,True,0,0
1627732,2018,0,0,0,True,0,0
1626157,2018,0,0,0,True,0,0
203114,2018,0,0,0,True,0,0
200768,2018,0,0,0,True,0,0
1717,2018,0,0,0,True,0,0
1626156,2018,0,0,0,True,0,0
202696,2018,0,0,0,True,0,0
203506,2018,0,0,0,True,0,0
202681,2017,0,0,0,True,0,0
203078,2017,0,0,0,True,0,0
203083,2017,0,0,0,True,0,0
201609,2017,0,0,0,True,0,0
202689,2017,0,0,0,True,0,0
203110,2017,0,0,0,True,0,0
202691,2017,0,0,0,True,0,0
200768,2017,0,0,0,True,0,0
201143,2017,0,0,0,True,0,0
202681,2016,0,0,0,True,0,0
200794,2016,0,0,0,True,0,0
202331,2016,0,0,0,True,0,0
200768,2016,0,0,0,True,0,0
2546,2016,0,0,0,True,0,0
202689,2016,0,0,0,True,0,0
201567,2016,0,0,0,True,0,0
201188,2016,0,0,0,True,0,0
202330,2016,0,0,0,True,0,0
202691,2016,0,0,0,True,0,0
202326,2016,0,0,0,True,0,0
977,2015,0,0,0,True,0,0
201935,2015,0,0,0,True,0,0
203076,2015,0,0,0,True,0,0
2546,2015,0,0,0,True,0,0
2548,2015,0,0,0,True,0,0
201942,2015,0,0,0,True,0,0
202322,2015,0,0,0,True,0,0
200794,2015,0,0,0,True,0,0
202738,2015,0,0,0,True,0,0
2200,2015,0,0,0,True,0,0
201143,2015,0,0,0,True,0,0
201142,2014,0,0,0,True,0,0
203081,2014,0,0,0,True,0,0
1717,2014,0,0,0,True,0,0
2546,2014,0,0,0,True,0,0
200768,2014,0,0,0,True,0,0
202322,2014,0,0,0,True,0,0
201143,2014,0,0,0,True,0,0
201952,2014,0,0,0,True,0,0
200794,2014,0,0,0,True,0,0
2594,2014,0,0,0,True,0,0
2547,2014,0,0,0,True,0,0
202710,2014,0,0,0,True,0,0
2546,2013,0,0,0,True,0,0
2548,2013,0,0,0,True,0,0
202681,2013,0,0,0,True,0,0
201579,2013,0,0,0,True,0,0
2547,2013,0,0,0,True,0,0
2207,2013,0,0,0,True,0,0
201942,2013,0,0,0,True,0,0
202322,2013,0,0,0,True,0,0
200794,2013,0,0,0,True,0,0
1717,2013,0,0,0,True,0,0
203076,2013,0,0,0,True,0,0
977,2013,0,0,0,True,0,0
2547,2012,0,0,0,True,0,0
708,2012,0,0,0,True,0,0
2199,2012,0,0,0,True,0,0
202681,2012,0,0,0,True,0,0
2736,2012,0,0,0,True,0,0
201149,2012,0,0,0,True,0,0
201950,2012,0,0,0,True,0,0
201572,2012,0,0,0,True,0,0
2216,2012,0,0,0,True,0,0
200746,2012,0,0,0,True,0,0
201188,2011,0,0,0,True,0,0
200746,2011,0,0,0,True,0,0
959,2011,0,0,0,True,0,0
201565,2011,0,0,0,True,0,0
2736,2011,0,0,0,True,0,0
201579,2011,0,0,0,True,0,0
1718,2011,0,0,0,True,0,0
2547,2011,0,0,0,True,0,0
2738,2011,0,0,0,True,0,0
101114,2011,0,0,0,True,0,0
1718,2010,0,0,0,True,0,0
200765,2010,0,0,0,True,0,0
708,2010,0,0,0,True,0,0
951,2010,0,0,0,True,0,0
2547,2010,0,0,0,True,0,0
2207,2010,0,0,0,True,0,0
2546,2010,0,0,0,True,0,0
1495,2010,0,0,0,True,0,0
101114,2010,0,0,0,True,0,0
201933,2010,0,0,0,True,0,0
201567,2010,0,0,0,True,0,0
708,2009,0,0,0,True,0,0
1718,2009,0,0,0,True,0,0
2547,2009,0,0,0,True,0,0
200765,2009,0,0,0,True,0,0
2222,2009,0,0,0,True,0,0
101135,2009,0,0,0,True,0,0
201565,2009,0,0,0,True,0,0
201143,2009,0,0,0,True,0,0
947,2009,0,0,0,True,0,0
1497,2009,0,0,0,True,0,0
2216,2009,0,0,0,True,0,0
2549,2009,0,0,0,True,0,0
467,2009,0,0,0,True,0,0
101108,2009,0,0,0,True,0,0
708,2008,0,0,0,True,0,0
947,2008,0,0,0,True,0,0
2207,2008,0,0,0,True,0,0
2734,2008,0,0,0,True,0,0
1740,2008,0,0,0,True,0,0
951,2008,0,0,0,True,0,0
2590,2008,0,0,0,True,0,0
101122,2008,0,0,0,True,0,0
2405,2008,0,0,0,True,0,0
2561,2008,0,0,0,True,0,0
2547,2007,0,0,0,True,0,0
2548,2007,0,0,0,True,0,0
467,2007,0,0,0,True,0,0
1888,2007,0,0,0,True,0,0
739,2007,0,0,0,True,0,0
1497,2007,0,0,0,True,0,0
1712,2007,0,0,0,True,0,0
2207,2007,0,0,0,True,0,0
951,2007,0,0,0,True,0,0
2546,2007,0,0,0,True,0,0
947,2007,0,0,0,True,0,0
2561,2007,0,0,0,True,0,0
200750,2007,0,0,0,True,0,0
406,2006,0,0,0,True,0,0
979,2006,0,0,0,True,0,0
1713,2006,0,0,0,True,0,0
1888,2006,0,0,0,True,0,0
2406,2006,0,0,0,True,0,0
2207,2006,0,0,0,True,0,0
1890,2006,0,0,0,True,0,0
2572,2006,0,0,0,True,0,0
2225,2006,0,0,0,True,0,0
951,2006,0,0,0,True,0,0
2246,2006,0,0,0,True,0,0
1713,2005,0,0,0,True,0,0
2547,2005,0,0,0,True,0,0
1888,2005,0,0,0,True,0,0
739,2005,0,0,0,True,0,0
1718,2005,0,0,0,True,0,0
1503,2005,0,0,0,True,0,0
708,2005,0,0,0,True,0,0
2225,2005,0,0,0,True,0,0
2200,2005,0,0,0,True,0,0
951,2005,0,0,0,True,0,0
1713,2004,0,0,0,True,0,0
255,2004,0,0,0,True,0,0
979,2004,0,0,0,True,0,0
1712,2004,0,0,0,True,0,0
1718,2004,0,0,0,True,0,0
980,2004,0,0,0,True,0,0
2397,2004,0,0,0,True,0,0
1938,2004,0,0,0,True,0,0
1740,2004,0,0,0,True,0,0
1713,2003,0,0,0,True,0,0
947,2003,0,0,0,True,0,0
1718,2003,0,0,0,True,0,0
2030,2003,0,0,0,True,0,0
2048,2003,0,0,0,True,0,0
1883,2003,0,0,0,True,0,0
951,2003,0,0,0,True,0,0
1802,2003,0,0,0,True,0,0
1905,2003,0,0,0,True,0,0
2397,2002,0,0,0,True,0,0
1883,2002,0,0,0,True,0,0
1890,2002,0,0,0,True,0,0
56,2002,0,0,0,True,0,0
978,2002,0,0,0,True,0,0
893,2002,0,0,0,True,0,0
1802,2002,0,0,0,True,0,0
1713,2002,0,0,0,True,0,0
980,2002,0,0,0,True,0,0
952,2002,0,0,0,True,0,0
1883,2001,0,0,0,True,0,0
978,2001,0,0,0,True,0,0
1882,2001,0,0,0,True,0,0
1887,2001,0,0,0,True,0,0
893,2001,0,0,0,True,0,0
952,2001,0,0,0,True,0,0
297,2001,0,0,0,True,0,0
951,2001,0,0,0,True,0,0
949,2001,0,0,0,True,0,0
1884,2001,0,0,0,True,0,0
714,2000,0,0,0,True,0,0
739,2000,0,0,0,True,0,0
686,2000,0,0,0,True,0,0
124,2000,0,0,0,True,0,0
193,2000,0,0,0,True,0,0
213,2000,0,0,0,True,0,0
950,2000,0,0,0,True,0,0
299,2000,0,0,0,True,0,0
275,2000,0,0,0,True,0,0
711,2000,0,0,0,True,0,0
84,2000,0,0,0,True,0,0
255,2000,0,0,0,True,0,0
297,2000,0,0,0,True,0,0
689,2000,0,0,0,True,0,0
275,1999,0,0,0,True,0,0
905,1999,0,0,0,True,0,0
397,1999,0,0,0,True,0,0
87,1999,0,0,0,True,0,0
299,1999,0,0,0,True,0,0
951,1999,0,0,0,True,0,0
711,1999,0,0,0,True,0,0
304,1999,0,0,0,True,0,0
739,1999,0,0,0,True,0,0
714,1999,0,0,0,True,0,0
708,1997,0,0,0,True,0,0
977,1997,0,0,0,True,0,0
224,1997,0,0,0,True,0,0
467,1997,0,0,0,True,0,0
89,1997,0,0,0,True,0,0
431,1997,0,0,0,True,0,0
358,1997,0,0,0,True,0,0
420,1997,0,0,0,True,0,0
22,1997,0,0,0,True,0,0
120,1997,0,0,0,True,0,0
952,1997,0,0,0,True,0,0
431,1996,0,0,0,True,0,0
224,1996,0,0,0,True,0,0
708,1996,0,0,0,True,0,0
339,1996,0,0,0,True,0,0
84,1996,0,0,0,True,0,0
96,1996,0,0,0,True,0,0
423,1996,0,0,0,True,0,0
87,1996,0,0,0,True,1,0
210,1996,0,0,0,True,0,0
185,1996,0,0,0,True,0,0
363,1996,0,0,0,True,0,0
247,1996,0,0,0,True,0,0
297,1996,0,0,0,True,0,0
121,1995,0,0,0,True,0,0
452,1995,0,0,0,True,0,0
297,1995,0,0,0,True,0,0
210,1995,0,0,0,True,0,0
467,1995,0,0,0,True,0,0
17,1995,0,0,0,True,0,0
87,1995,0,0,0,True,0,0
779,1995,0,0,0,True,0,0
251,1995,0,0,0,True,0,0
121,1994,0,0,0,True,0,0
344,1994,0,0,0,True,0,0
913,1994,0,0,0,True,0,0
84,1994,0,0,0,True,0,0
452,1994,0,0,0,True,0,0
238,1994,0,0,0,True,0,0
297,1994,0,0,0,True,0,0
105,1994,0,0,0,True,0,0
255,1994,0,0,0,True,0,0
87,1994,0,0,0,True,1,0
247,1994,0,0,0,True,0,0
121,1993,0,0,0,True,0,0
330,1993,0,0,0,True,0,0
72,1993,0,0,0,True,0,0
317,1993,0,0,0,True,0,0
270,1993,0,0,0,True,0,0
891,1993,0,0,0,True,0,0
769,1993,0,0,0,True,0,0
361,1993,0,0,0,True,0,0
17,1993,0,0,0,True,0,0
302,1993,0,0,0,True,0,0
406,1992,0,0,0,True,0,0
330,1992,0,0,0,True,0,0
921,1992,0,0,0,True,0,0
77685,1992,0,0,0,True,0,0
78318,1992,0,0,0,True,0,0
105,1992,0,0,0,True,0,0
96,1992,0,0,0,True,0,0
431,1992,0,0,0,True,0,0
17,1992,0,0,0,True,0,0
345,1992,0,0,0,True,0,0
251,1992,0,0,0,True,0,0
77142,1991,0,0,0,True,0,0
165,1991,0,0,0,True,0,0
77384,1991,0,0,0,True,0,0
204,1991,0,0,0,True,0,0
149,1991,0,0,0,True,0,0
78318,1991,0,0,0,True,0,0
105,1991,0,0,0,True,0,0
901,1991,0,0,0,True,0,0
87,1991,0,0,0,True,0,0
1460,1991,0,0,0,True,0,0
247,1991,0,0,0,True,0,0
894,1990,0,0,0,True,0,0
1472,1990,0,0,0,True,0,0
921,1990,0,0,0,True,0,0
765,1990,0,0,0,True,0,0
1450,1990,0,0,0,True,0,0
896,1990,0,0,0,True,0,0
926,1990,0,0,0,True,0,0
345,1990,0,0,0,True,0,0
305,1990,0,0,0,True,0,0
404,1990,0,0,0,True,0,0
937,1989,0,0,0,True,0,0
23,1989,0,0,0,True,1,0
76176,1989,0,0,0,True,0,0
920,1989,0,0,0,True,0,0
1450,1989,0,0,0,True,0,0
397,1989,0,0,0,True,0,0
78318,1989,0,0,0,True,0,0
77376,1989,0,0,0,True,0,0
1122,1989,0,0,0,True,0,0
305,1989,0,0,0,True,0,0
76631,1988,0,0,0,True,1,0
921,1988,0,0,0,True,0,0
77685,1988,0,0,0,True,0,0
76003,1988,0,0,0,True,0,0
77449,1988,0,0,0,True,0,0
1450,1988,0,0,0,True,0,0
78318,1988,0,0,0,True,0,0
76673,1988,0,0,0,True,0,0
17,1988,0,0,0,True,0,0
1460,1988,0,0,0,True,0,0
349,1988,0,0,0,True,0,0
404,1988,0,0,0,True,0,0
76016,1987,0,0,0,True,0,0
921,1987,0,0,0,True,0,0
76385,1987,0,0,0,True,0,0
76017,1987,0,0,0,True,0,0
1365,1987,0,0,0,True,0,0
76003,1987,0,0,0,True,0,0
77449,1987,0,0,0,True,0,0
1450,1987,0,0,0,True,0,0
78318,1987,0,0,0,True,0,0
77376,1987,0,0,0,True,0,0
76583,1987,0,0,0,True,0,0
926,1987,0,0,0,True,0,0
76673,1987,0,0,0,True,0,0
470,1987,0,0,0,True,0,0
1460,1987,0,0,0,True,0,0
76681,1986,0,0,0,True,0,0
76016,1986,0,0,0,True,0,0
1472,1986,0,0,0,True,0,0
76176,1986,0,0,0,True,0,0
76385,1986,0,0,0,True,0,0
76726,1986,0,0,0,True,0,0
76003,1986,0,0,0,True,0,0
1453,1986,0,0,0,True,0,0
76353,1986,0,0,0,True,0,0
926,1986,0,0,0,True,0,0
76673,1986,0,0,0,True,0,0
117,1986,0,0,0,True,0,0
1460,1986,0,0,0,True,0,0
305,1986,0,0,0,True,0,0
100263,1986,0,0,0,True,0,0
76681,1985,0,0,0,True,0,0
76176,1985,0,0,0,True,0,0
78055,1985,0,0,0,True,0,0
76385,1985,0,0,0,True,0,0
77160,1985,0,0,0,True,0,0
77449,1985,0,0,0,True,0,0
433,1985,0,0,0,True,0,0
1450,1985,0,0,0,True,0,0
76504,1985,0,0,0,True,0,0
117,1985,0,0,0,True,0,0
17,1985,0,0,0,True,0,0
1460,1985,0,0,0,True,0,0
305,1985,0,0,0,True,0,0
600014,1985,0,0,0,True,0,0
76681,1984,0,0,0,True,0,0
165,1984,0,0,0,True,0,0
76176,1984,0,0,0,True,0,0
77685,1984,0,0,0,True,0,0
77141,1984,0,0,0,True,0,0
77952,1984,0,0,0,True,0,0
76804,1984,0,0,0,True,0,0
76504,1984,0,0,0,True,0,0
77721,1984,0,0,0,True,0,0
76673,1984,0,0,0,True,0,0
78149,1984,0,0,0,True,0,0
305,1984,0,0,0,True,0,0
100263,1984,0,0,0,True,0,0
77691,1984,0,0,0,True,0,0
76016,1983,0,0,0,True,0,0
76874,1983,0,0,0,True,0,0
78055,1983,0,0,0,True,0,0
76170,1983,0,0,0,True,0,0
1453,1983,0,0,0,True,0,0
1450,1983,0,0,0,True,0,0
76804,1983,0,0,0,True,0,0
78041,1983,0,0,0,True,0,0
76673,1983,0,0,0,True,0,0
78369,1983,0,0,0,True,0,0
78149,1983,0,0,0,True,0,0
78404,1983,0,0,0,True,0,0
305,1983,0,0,0,True,0,0
78351,1983,0,0,0,True,0,0
100263,1983,0,0,0,True,0,0
948,2006,0,0,0,False,1,0
76444,1986,0,0,0,False,1,0
76631,1984,0,0,0,False,1,0
203497,2017,0,0,0,False,1,0
202695,2014,0,0,0,False,1,0
23,1990,0,0,0,False,1,0
203935,2021,0,0,0,False,1,0
