GAME_ID,PLAYER_ID,PLAYER_NAME,SEASON,IS_ALLSTAR
0032200001,1628369,Jayson Tatum,2022-2023,True
0032200001,203507,Giannis Antetokounmpo,2022-2023,True
0032200001,1628374,Lauri Markkanen,2022-2023,True
0032200001,1628378,Donovan Mitchell,2022-2023,True
0032200001,1629630,Ja Morant,2022-2023,True
0032200001,1628389,Bam Adebayo,2022-2023,True
0032200001,201942,DeMar DeRozan,2022-2023,True
0032200001,203081,Damian Lillard,2022-2023,True
0032200001,201950,Jrue Holiday,2022-2023,True
0032200001,1627783,Pascal Siakam,2022-2023,True
0032200001,1627734,Domantas Sabonis,2022-2023,True
0032200001,1628983,Shai Gilgeous-Alexander,2022-2023,True
0032200001,2544,LeBron James,2022-2023,True
0032200001,203954,Joel Embiid,2022-2023,True
0032200001,203999,Nikola Jokic,2022-2023,True
0032200001,1629029,Luka Doncic,2022-2023,True
0032200001,202681,Kyrie Irving,2022-2023,True
0032200001,202331,Paul George,2022-2023,True
0032200001,1628368,De'Aaron Fox,2022-2023,True
0032200001,203944,Julius Randle,2022-2023,True
0032200001,1627759,Jaylen Brown,2022-2023,True
0032200001,1630162,Anthony Edwards,2022-2023,True
0032200001,1630169,Tyrese Haliburton,2022-2023,True
0032200001,1628991,Jaren Jackson Jr.,2022-2023,True
0032100001,1628369,Jayson Tatum,2021-2022,True
0032100001,203952,Andrew Wiggins,2021-2022,True
0032100001,203954,Joel Embiid,2021-2022,True
0032100001,1629630,Ja Morant,2021-2022,True
0032100001,1629027,Trae Young,2021-2022,True
0032100001,203897,Zach LaVine,2021-2022,True
0032100001,1626164,Devin Booker,2021-2022,True
0032100001,1626157,Karl-Anthony Towns,2021-2022,True
0032100001,203114,Khris Middleton,2021-2022,True
0032100001,203497,Rudy Gobert,2021-2022,True
0032100001,1630163,LaMelo Ball,2021-2022,True
0032100001,1627749,Dejounte Murray,2021-2022,True
0032100001,2544,LeBron James,2021-2022,True
0032100001,203507,Giannis Antetokounmpo,2021-2022,True
0032100001,203999,Nikola Jokic,2021-2022,True
0032100001,201942,DeMar DeRozan,2021-2022,True
0032100001,201939,Stephen Curry,2021-2022,True
0032100001,101108,Chris Paul,2021-2022,True
0032100001,202710,Jimmy Butler,2021-2022,True
0032100001,1627832,Fred VanVleet,2021-2022,True
0032100001,1628386,Jarrett Allen,2021-2022,True
0032100001,1629636,Darius Garland,2021-2022,True
0032100001,1629029,Luka Doncic,2021-2022,True
0032000001,2544,LeBron James,2020-2021,True
0032000001,203507,Giannis Antetokounmpo,2020-2021,True
0032000001,203999,Nikola Jokic,2020-2021,True
0032000001,1629029,Luka Doncic,2020-2021,True
0032000001,201939,Stephen Curry,2020-2021,True
0032000001,203081,Damian Lillard,2020-2021,True
0032000001,101108,Chris Paul,2020-2021,True
0032000001,203497,Rudy Gobert,2020-2021,True
0032000001,1627759,Jaylen Brown,2020-2021,True
0032000001,202331,Paul George,2020-2021,True
0032000001,1627734,Domantas Sabonis,2020-2021,True
0032000001,202695,Kawhi Leonard,2020-2021,True
0032000001,1628369,Jayson Tatum,2020-2021,True
0032000001,1629627,Zion Williamson,2020-2021,True
0032000001,203078,Bradley Beal,2020-2021,True
0032000001,202681,Kyrie Irving,2020-2021,True
0032000001,203897,Zach LaVine,2020-2021,True
0032000001,202696,Nikola Vucevic,2020-2021,True
0032000001,203944,Julius Randle,2020-2021,True
0032000001,1628378,Donovan Mitchell,2020-2021,True
0032000001,201935,James Harden,2020-2021,True
0032000001,201144,Mike Conley,2020-2021,True
0031900001,202695,Kawhi Leonard,2019-2020,True
0031900001,2544,LeBron James,2019-2020,True
0031900001,203076,Anthony Davis,2019-2020,True
0031900001,201935,James Harden,2019-2020,True
0031900001,1629029,Luka Doncic,2019-2020,True
0031900001,203999,Nikola Jokic,2019-2020,True
0031900001,1627732,Ben Simmons,2019-2020,True
0031900001,1628369,Jayson Tatum,2019-2020,True
0031900001,201566,Russell Westbrook,2019-2020,True
0031900001,101108,Chris Paul,2019-2020,True
0031900001,1627734,Domantas Sabonis,2019-2020,True
0031900001,1626164,Devin Booker,2019-2020,True
0031900001,203081,Damian Lillard,2019-2020,True
0031900001,1627783,Pascal Siakam,2019-2020,True
0031900001,203507,Giannis Antetokounmpo,2019-2020,True
0031900001,203954,Joel Embiid,2019-2020,True
0031900001,1629027,Trae Young,2019-2020,True
0031900001,202689,Kemba Walker,2019-2020,True
0031900001,200768,Kyle Lowry,2019-2020,True
0031900001,202710,Jimmy Butler,2019-2020,True
0031900001,203497,Rudy Gobert,2019-2020,True
0031900001,1628389,Bam Adebayo,2019-2020,True
0031900001,1628378,Donovan Mitchell,2019-2020,True
0031900001,1627742,Brandon Ingram,2019-2020,True
0031900001,203114,Khris Middleton,2019-2020,True
0031800001,202695,Kawhi Leonard,2018-2019,True
0031800001,2544,LeBron James,2018-2019,True
0031800001,201142,Kevin Durant,2018-2019,True
0031800001,201935,James Harden,2018-2019,True
0031800001,202681,Kyrie Irving,2018-2019,True
0031800001,203081,Damian Lillard,2018-2019,True
0031800001,202691,Klay Thompson,2018-2019,True
0031800001,200746,LaMarcus Aldridge,2018-2019,True
0031800001,203076,Anthony Davis,2018-2019,True
0031800001,203078,Bradley Beal,2018-2019,True
0031800001,2548,Dwyane Wade,2018-2019,True
0031800001,1627732,Ben Simmons,2018-2019,True
0031800001,1626157,Karl-Anthony Towns,2018-2019,True
0031800001,202331,Paul George,2018-2019,True
0031800001,203507,Giannis Antetokounmpo,2018-2019,True
0031800001,203954,Joel Embiid,2018-2019,True
0031800001,201939,Stephen Curry,2018-2019,True
0031800001,202689,Kemba Walker,2018-2019,True
0031800001,203999,Nikola Jokic,2018-2019,True
0031800001,203114,Khris Middleton,2018-2019,True
0031800001,200768,Kyle Lowry,2018-2019,True
0031800001,201566,Russell Westbrook,2018-2019,True
0031800001,201933,Blake Griffin,2018-2019,True
0031800001,1717,Dirk Nowitzki,2018-2019,True
0031800001,1626156,D'Angelo Russell,2018-2019,True
0031800001,202696,Nikola Vucevic,2018-2019,True
0031800001,203506,Victor Oladipo,2018-2019,True
0031700001,2544,LeBron James,2017-2018,True
0031700001,201142,Kevin Durant,2017-2018,True
0031700001,203076,Anthony Davis,2017-2018,True
0031700001,201566,Russell Westbrook,2017-2018,True
0031700001,202681,Kyrie Irving,2017-2018,True
0031700001,200746,LaMarcus Aldridge,2017-2018,True
0031700001,203078,Bradley Beal,2017-2018,True
0031700001,203506,Victor Oladipo,2017-2018,True
0031700001,202331,Paul George,2017-2018,True
0031700001,203083,Andre Drummond,2017-2018,True
0031700001,201609,Goran Dragic,2017-2018,True
0031700001,202689,Kemba Walker,2017-2018,True
0031700001,201942,DeMar DeRozan,2017-2018,True
0031700001,203507,Giannis Antetokounmpo,2017-2018,True
0031700001,203954,Joel Embiid,2017-2018,True
0031700001,201935,James Harden,2017-2018,True
0031700001,201939,Stephen Curry,2017-2018,True
0031700001,1626157,Karl-Anthony Towns,2017-2018,True
0031700001,203110,Draymond Green,2017-2018,True
0031700001,202691,Klay Thompson,2017-2018,True
0031700001,203081,Damian Lillard,2017-2018,True
0031700001,200768,Kyle Lowry,2017-2018,True
0031700001,201143,Al Horford,2017-2018,True
0031700001,202710,Jimmy Butler,2017-2018,True
0031600001,202710,Jimmy Butler,2016-2017,True
0031600001,2544,LeBron James,2016-2017,True
0031600001,203507,Giannis Antetokounmpo,2016-2017,True
0031600001,201942,DeMar DeRozan,2016-2017,True
0031600001,202681,Kyrie Irving,2016-2017,True
0031600001,200794,Paul Millsap,2016-2017,True
0031600001,202331,Paul George,2016-2017,True
0031600001,200768,Kyle Lowry,2016-2017,True
0031600001,202738,Isaiah Thomas,2016-2017,True
0031600001,202322,John Wall,2016-2017,True
0031600001,2546,Carmelo Anthony,2016-2017,True
0031600001,202689,Kemba Walker,2016-2017,True
0031600001,201567,Kevin Love,2016-2017,True
0031600001,201142,Kevin Durant,2016-2017,True
0031600001,202695,Kawhi Leonard,2016-2017,True
0031600001,203076,Anthony Davis,2016-2017,True
0031600001,201939,Stephen Curry,2016-2017,True
0031600001,201935,James Harden,2016-2017,True
0031600001,201566,Russell Westbrook,2016-2017,True
0031600001,203110,Draymond Green,2016-2017,True
0031600001,201188,Marc Gasol,2016-2017,True
0031600001,202330,Gordon Hayward,2016-2017,True
0031600001,202691,Klay Thompson,2016-2017,True
0031600001,201599,DeAndre Jordan,2016-2017,True
0031600001,202326,DeMarcus Cousins,2016-2017,True
0031500001,977,Kobe Bryant,2015-2016,True
0031500001,202695,Kawhi Leonard,2015-2016,True
0031500001,201142,Kevin Durant,2015-2016,True
0031500001,201939,Stephen Curry,2015-2016,True
0031500001,201566,Russell Westbrook,2015-2016,True
0031500001,202691,Klay Thompson,2015-2016,True
0031500001,201935,James Harden,2015-2016,True
0031500001,203076,Anthony Davis,2015-2016,True
0031500001,101108,Chris Paul,2015-2016,True
0031500001,200746,LaMarcus Aldridge,2015-2016,True
0031500001,203110,Draymond Green,2015-2016,True
0031500001,202326,DeMarcus Cousins,2015-2016,True
0031500001,2544,LeBron James,2015-2016,True
0031500001,202331,Paul George,2015-2016,True
0031500001,2546,Carmelo Anthony,2015-2016,True
0031500001,2548,Dwyane Wade,2015-2016,True
0031500001,200768,Kyle Lowry,2015-2016,True
0031500001,201942,DeMar DeRozan,2015-2016,True
0031500001,202322,John Wall,2015-2016,True
0031500001,200794,Paul Millsap,2015-2016,True
0031500001,202738,Isaiah Thomas,2015-2016,True
0031500001,2200,Pau Gasol,2015-2016,True
0031500001,203083,Andre Drummond,2015-2016,True
0031500001,201143,Al Horford,2015-2016,True
0031400001,200746,LaMarcus Aldridge,2014-2015,True
0031400001,202691,Klay Thompson,2014-2015,True
0031400001,201188,Marc Gasol,2014-2015,True
0031400001,201939,Stephen Curry,2014-2015,True
0031400001,201935,James Harden,2014-2015,True
0031400001,201566,Russell Westbrook,2014-2015,True
0031400001,201142,Kevin Durant,2014-2015,True
0031400001,1495,Tim Duncan,2014-2015,True
0031400001,101108,Chris Paul,2014-2015,True
0031400001,203081,Damian Lillard,2014-2015,True
0031400001,202326,DeMarcus Cousins,2014-2015,True
0031400001,1717,Dirk Nowitzki,2014-2015,True
0031400001,2546,Carmelo Anthony,2014-2015,True
0031400001,2544,LeBron James,2014-2015,True
0031400001,2200,Pau Gasol,2014-2015,True
0031400001,200768,Kyle Lowry,2014-2015,True
0031400001,202322,John Wall,2014-2015,True
0031400001,202681,Kyrie Irving,2014-2015,True
0031400001,201143,Al Horford,2014-2015,True
0031400001,201952,Jeff Teague,2014-2015,True
0031400001,200794,Paul Millsap,2014-2015,True
0031400001,2594,Kyle Korver,2014-2015,True
0031400001,2547,Chris Bosh,2014-2015,True
0031400001,202710,Jimmy Butler,2014-2015,True
0031300001,202331,Paul George,2013-2014,True
0031300001,2546,Carmelo Anthony,2013-2014,True
0031300001,2544,LeBron James,2013-2014,True
0031300001,2548,Dwyane Wade,2013-2014,True
0031300001,202681,Kyrie Irving,2013-2014,True
0031300001,201579,Roy Hibbert,2013-2014,True
0031300001,2547,Chris Bosh,2013-2014,True
0031300001,2207,Joe Johnson,2013-2014,True
0031300001,201942,DeMar DeRozan,2013-2014,True
0031300001,202322,John Wall,2013-2014,True
0031300001,200794,Paul Millsap,2013-2014,True
0031300001,201149,Joakim Noah,2013-2014,True
0031300001,201142,Kevin Durant,2013-2014,True
0031300001,201933,Blake Griffin,2013-2014,True
0031300001,201567,Kevin Love,2013-2014,True
0031300001,201935,James Harden,2013-2014,True
0031300001,201939,Stephen Curry,2013-2014,True
0031300001,101108,Chris Paul,2013-2014,True
0031300001,2225,Tony Parker,2013-2014,True
0031300001,1717,Dirk Nowitzki,2013-2014,True
0031300001,2730,Dwight Howard,2013-2014,True
0031300001,200746,LaMarcus Aldridge,2013-2014,True
0031300001,203076,Anthony Davis,2013-2014,True
0031300001,203081,Damian Lillard,2013-2014,True
0031300001,977,Kobe Bryant,2013-2014,True
0031200001,2544,LeBron James,2012-2013,True
0031200001,2547,Chris Bosh,2012-2013,True
0031200001,708,Kevin Garnett,2012-2013,True
0031200001,2546,Carmelo Anthony,2012-2013,True
0031200001,2548,Dwyane Wade,2012-2013,True
0031200001,2199,Tyson Chandler,2012-2013,True
0031200001,202681,Kyrie Irving,2012-2013,True
0031200001,2736,Luol Deng,2012-2013,True
0031200001,202331,Paul George,2012-2013,True
0031200001,201149,Joakim Noah,2012-2013,True
0031200001,201950,Jrue Holiday,2012-2013,True
0031200001,201572,Brook Lopez,2012-2013,True
0031200001,201142,Kevin Durant,2012-2013,True
0031200001,201933,Blake Griffin,2012-2013,True
0031200001,2730,Dwight Howard,2012-2013,True
0031200001,977,Kobe Bryant,2012-2013,True
0031200001,101108,Chris Paul,2012-2013,True
0031200001,1495,Tim Duncan,2012-2013,True
0031200001,2225,Tony Parker,2012-2013,True
0031200001,201935,James Harden,2012-2013,True
0031200001,2216,Zach Randolph,2012-2013,True
0031200001,201566,Russell Westbrook,2012-2013,True
0031200001,200746,LaMarcus Aldridge,2012-2013,True
0031200001,101135,David Lee,2012-2013,True
0031100001,201142,Kevin Durant,2011-2012,True
0031100001,201933,Blake Griffin,2011-2012,True
0031100001,101115,Andrew Bynum,2011-2012,True
0031100001,977,Kobe Bryant,2011-2012,True
0031100001,101108,Chris Paul,2011-2012,True
0031100001,1717,Dirk Nowitzki,2011-2012,True
0031100001,201566,Russell Westbrook,2011-2012,True
0031100001,201567,Kevin Love,2011-2012,True
0031100001,2225,Tony Parker,2011-2012,True
0031100001,201188,Marc Gasol,2011-2012,True
0031100001,200746,LaMarcus Aldridge,2011-2012,True
0031100001,959,Steve Nash,2011-2012,True
0031100001,2546,Carmelo Anthony,2011-2012,True
0031100001,2544,LeBron James,2011-2012,True
0031100001,2730,Dwight Howard,2011-2012,True
0031100001,2548,Dwyane Wade,2011-2012,True
0031100001,201565,Derrick Rose,2011-2012,True
0031100001,2736,Luol Deng,2011-2012,True
0031100001,201579,Roy Hibbert,2011-2012,True
0031100001,200765,Rajon Rondo,2011-2012,True
0031100001,1718,Paul Pierce,2011-2012,True
0031100001,2547,Chris Bosh,2011-2012,True
0031100001,2738,Andre Iguodala,2011-2012,True
0031100001,101114,Deron Williams,2011-2012,True
0031000001,2544,LeBron James,2010-2011,True
0031000001,2405,Amar'e Stoudemire,2010-2011,True
0031000001,2730,Dwight Howard,2010-2011,True
0031000001,201565,Derrick Rose,2010-2011,True
0031000001,2548,Dwyane Wade,2010-2011,True
0031000001,1718,Paul Pierce,2010-2011,True
0031000001,200765,Rajon Rondo,2010-2011,True
0031000001,708,Kevin Garnett,2010-2011,True
0031000001,951,Ray Allen,2010-2011,True
0031000001,2547,Chris Bosh,2010-2011,True
0031000001,201143,Al Horford,2010-2011,True
0031000001,2207,Joe Johnson,2010-2011,True
0031000001,2546,Carmelo Anthony,2010-2011,True
0031000001,201142,Kevin Durant,2010-2011,True
0031000001,1495,Tim Duncan,2010-2011,True
0031000001,977,Kobe Bryant,2010-2011,True
0031000001,101108,Chris Paul,2010-2011,True
0031000001,2200,Pau Gasol,2010-2011,True
0031000001,101114,Deron Williams,2010-2011,True
0031000001,1717,Dirk Nowitzki,2010-2011,True
0031000001,1938,Manu Ginobili,2010-2011,True
0031000001,201933,Blake Griffin,2010-2011,True
0031000001,201567,Kevin Love,2010-2011,True
0031000001,201566,Russell Westbrook,2010-2011,True
0030900001,2544,LeBron James,2009-2010,True
0030900001,708,Kevin Garnett,2009-2010,True
0030900001,2730,Dwight Howard,2009-2010,True
0030900001,2207,Joe Johnson,2009-2010,True
0030900001,2548,Dwyane Wade,2009-2010,True
0030900001,1718,Paul Pierce,2009-2010,True
0030900001,2547,Chris Bosh,2009-2010,True
0030900001,200765,Rajon Rondo,2009-2010,True
0030900001,2222,Gerald Wallace,2009-2010,True
0030900001,101135,David Lee,2009-2010,True
0030900001,201565,Derrick Rose,2009-2010,True
0030900001,201143,Al Horford,2009-2010,True
0030900001,947,Allen Iverson,2009-2010,True
0030900001,1495,Tim Duncan,2009-2010,True
0030900001,1717,Dirk Nowitzki,2009-2010,True
0030900001,2405,Amar'e Stoudemire,2009-2010,True
0030900001,2546,Carmelo Anthony,2009-2010,True
0030900001,959,Steve Nash,2009-2010,True
0030900001,2200,Pau Gasol,2009-2010,True
0030900001,1497,Chauncey Billups,2009-2010,True
0030900001,101114,Deron Williams,2009-2010,True
0030900001,201142,Kevin Durant,2009-2010,True
0030900001,2216,Zach Randolph,2009-2010,True
0030900001,2549,Chris Kaman,2009-2010,True
0030900001,467,Jason Kidd,2009-2010,True
0030900001,977,Kobe Bryant,2009-2010,True
0030900001,101108,Chris Paul,2009-2010,True
0030900001,200750,Brandon Roy,2009-2010,True
0030800001,2544,LeBron James,2008-2009,True
0030800001,708,Kevin Garnett,2008-2009,True
0030800001,2730,Dwight Howard,2008-2009,True
0030800001,947,Allen Iverson,2008-2009,True
0030800001,2548,Dwyane Wade,2008-2009,True
0030800001,2207,Joe Johnson,2008-2009,True
0030800001,2734,Devin Harris,2008-2009,True
0030800001,1718,Paul Pierce,2008-2009,True
0030800001,1740,Rashard Lewis,2008-2009,True
0030800001,951,Ray Allen,2008-2009,True
0030800001,2590,Mo Williams,2008-2009,True
0030800001,101122,Danny Granger,2008-2009,True
0030800001,2405,Amar'e Stoudemire,2008-2009,True
0030800001,1495,Tim Duncan,2008-2009,True
0030800001,2397,Yao Ming,2008-2009,True
0030800001,977,Kobe Bryant,2008-2009,True
0030800001,101108,Chris Paul,2008-2009,True
0030800001,406,Shaquille O'Neal,2008-2009,True
0030800001,1717,Dirk Nowitzki,2008-2009,True
0030800001,1497,Chauncey Billups,2008-2009,True
0030800001,200750,Brandon Roy,2008-2009,True
0030800001,2225,Tony Parker,2008-2009,True
0030800001,2200,Pau Gasol,2008-2009,True
0030800001,2561,David West,2008-2009,True
0030700001,2544,LeBron James,2007-2008,True
0030700001,2547,Chris Bosh,2007-2008,True
0030700001,2730,Dwight Howard,2007-2008,True
0030700001,2548,Dwyane Wade,2007-2008,True
0030700001,467,Jason Kidd,2007-2008,True
0030700001,1888,Richard Hamilton,2007-2008,True
0030700001,739,Rasheed Wallace,2007-2008,True
0030700001,1497,Chauncey Billups,2007-2008,True
0030700001,1712,Antawn Jamison,2007-2008,True
0030700001,1718,Paul Pierce,2007-2008,True
0030700001,2207,Joe Johnson,2007-2008,True
0030700001,951,Ray Allen,2007-2008,True
0030700001,2546,Carmelo Anthony,2007-2008,True
0030700001,1495,Tim Duncan,2007-2008,True
0030700001,2397,Yao Ming,2007-2008,True
0030700001,977,Kobe Bryant,2007-2008,True
0030700001,947,Allen Iverson,2007-2008,True
0030700001,959,Steve Nash,2007-2008,True
0030700001,2405,Amar'e Stoudemire,2007-2008,True
0030700001,1717,Dirk Nowitzki,2007-2008,True
0030700001,101108,Chris Paul,2007-2008,True
0030700001,2561,David West,2007-2008,True
0030700001,200750,Brandon Roy,2007-2008,True
0030700001,2430,Carlos Boozer,2007-2008,True
0030600001,2544,LeBron James,2006-2007,True
0030600001,2547,Chris Bosh,2006-2007,True
0030600001,406,Shaquille O'Neal,2006-2007,True
0030600001,2548,Dwyane Wade,2006-2007,True
0030600001,2240,Gilbert Arenas,2006-2007,True
0030600001,2730,Dwight Howard,2006-2007,True
0030600001,979,Jermaine O'Neal,2006-2007,True
0030600001,1713,Vince Carter,2006-2007,True
0030600001,1497,Chauncey Billups,2006-2007,True
0030600001,1888,Richard Hamilton,2006-2007,True
0030600001,2406,Caron Butler,2006-2007,True
0030600001,2207,Joe Johnson,2006-2007,True
0030600001,1717,Dirk Nowitzki,2006-2007,True
0030600001,708,Kevin Garnett,2006-2007,True
0030600001,1495,Tim Duncan,2006-2007,True
0030600001,1503,Tracy McGrady,2006-2007,True
0030600001,977,Kobe Bryant,2006-2007,True
0030600001,1890,Shawn Marion,2006-2007,True
0030600001,2405,Amar'e Stoudemire,2006-2007,True
0030600001,2572,Josh Howard,2006-2007,True
0030600001,2546,Carmelo Anthony,2006-2007,True
0030600001,2225,Tony Parker,2006-2007,True
0030600001,951,Ray Allen,2006-2007,True
0030600001,2246,Mehmet Okur,2006-2007,True
0030500001,1713,Vince Carter,2005-2006,True
0030500001,2544,LeBron James,2005-2006,True
0030500001,406,Shaquille O'Neal,2005-2006,True
0030500001,2548,Dwyane Wade,2005-2006,True
0030500001,947,Allen Iverson,2005-2006,True
0030500001,2547,Chris Bosh,2005-2006,True
0030500001,1888,Richard Hamilton,2005-2006,True
0030500001,1112,Ben Wallace,2005-2006,True
0030500001,1497,Chauncey Billups,2005-2006,True
0030500001,739,Rasheed Wallace,2005-2006,True
0030500001,1718,Paul Pierce,2005-2006,True
0030500001,2240,Gilbert Arenas,2005-2006,True
0030500001,1503,Tracy McGrady,2005-2006,True
0030500001,1495,Tim Duncan,2005-2006,True
0030500001,2397,Yao Ming,2005-2006,True
0030500001,959,Steve Nash,2005-2006,True
0030500001,977,Kobe Bryant,2005-2006,True
0030500001,708,Kevin Garnett,2005-2006,True
0030500001,1890,Shawn Marion,2005-2006,True
0030500001,2225,Tony Parker,2005-2006,True
0030500001,2200,Pau Gasol,2005-2006,True
0030500001,1717,Dirk Nowitzki,2005-2006,True
0030500001,1882,Elton Brand,2005-2006,True
0030500001,951,Ray Allen,2005-2006,True
0030400001,1713,Vince Carter,2004-2005,True
0030400001,255,Grant Hill,2004-2005,True
0030400001,406,Shaquille O'Neal,2004-2005,True
0030400001,947,Allen Iverson,2004-2005,True
0030400001,2544,LeBron James,2004-2005,True
0030400001,979,Jermaine O'Neal,2004-2005,True
0030400001,2548,Dwyane Wade,2004-2005,True
0030400001,2240,Gilbert Arenas,2004-2005,True
0030400001,1112,Ben Wallace,2004-2005,True
0030400001,1712,Antawn Jamison,2004-2005,True
0030400001,1718,Paul Pierce,2004-2005,True
0030400001,980,Zydrunas Ilgauskas,2004-2005,True
0030400001,708,Kevin Garnett,2004-2005,True
0030400001,1495,Tim Duncan,2004-2005,True
0030400001,2397,Yao Ming,2004-2005,True
0030400001,1503,Tracy McGrady,2004-2005,True
0030400001,977,Kobe Bryant,2004-2005,True
0030400001,959,Steve Nash,2004-2005,True
0030400001,1890,Shawn Marion,2004-2005,True
0030400001,2405,Amar'e Stoudemire,2004-2005,True
0030400001,951,Ray Allen,2004-2005,True
0030400001,1717,Dirk Nowitzki,2004-2005,True
0030400001,1938,Manu Ginobili,2004-2005,True
0030400001,1740,Rashard Lewis,2004-2005,True
0030300001,1713,Vince Carter,2003-2004,True
0030300001,979,Jermaine O'Neal,2003-2004,True
0030300001,1112,Ben Wallace,2003-2004,True
0030300001,947,Allen Iverson,2003-2004,True
0030300001,1503,Tracy McGrady,2003-2004,True
0030300001,467,Jason Kidd,2003-2004,True
0030300001,1897,Metta World Peace,2003-2004,True
0030300001,1718,Paul Pierce,2003-2004,True
0030300001,2030,Kenyon Martin,2003-2004,True
0030300001,2048,Jamaal Magloire,2003-2004,True
0030300001,1884,Baron Davis,2003-2004,True
0030300001,2072,Michael Redd,2003-2004,True
0030300001,1495,Tim Duncan,2003-2004,True
0030300001,708,Kevin Garnett,2003-2004,True
0030300001,2397,Yao Ming,2003-2004,True
0030300001,977,Kobe Bryant,2003-2004,True
0030300001,1883,Steve Francis,2003-2004,True
0030300001,406,Shaquille O'Neal,2003-2004,True
0030300001,951,Ray Allen,2003-2004,True
0030300001,978,Peja Stojakovic,2003-2004,True
0030300001,1717,Dirk Nowitzki,2003-2004,True
0030300001,208,Sam Cassell,2003-2004,True
0030300001,1802,Brad Miller,2003-2004,True
0030300001,1905,Andrei Kirilenko,2003-2004,True
0030200001,1495,Tim Duncan,2002-2003,True
0030200001,708,Kevin Garnett,2002-2003,True
0030200001,2397,Yao Ming,2002-2003,True
0030200001,1883,Steve Francis,2002-2003,True
0030200001,977,Kobe Bryant,2002-2003,True
0030200001,950,Stephon Marbury,2002-2003,True
0030200001,959,Steve Nash,2002-2003,True
0030200001,406,Shaquille O'Neal,2002-2003,True
0030200001,1717,Dirk Nowitzki,2002-2003,True
0030200001,1890,Shawn Marion,2002-2003,True
0030200001,56,Gary Payton,2002-2003,True
0030200001,978,Peja Stojakovic,2002-2003,True
0030200001,893,Michael Jordan,2002-2003,True
0030200001,979,Jermaine O'Neal,2002-2003,True
0030200001,1112,Ben Wallace,2002-2003,True
0030200001,947,Allen Iverson,2002-2003,True
0030200001,1503,Tracy McGrady,2002-2003,True
0030200001,1802,Brad Miller,2002-2003,True
0030200001,467,Jason Kidd,2002-2003,True
0030200001,1713,Vince Carter,2002-2003,True
0030200001,1718,Paul Pierce,2002-2003,True
0030200001,980,Zydrunas Ilgauskas,2002-2003,True
0030200001,952,Antoine Walker,2002-2003,True
0030200001,469,Jamal Mashburn,2002-2003,True
0030100001,708,Kevin Garnett,2001-2002,True
0030100001,185,Chris Webber,2001-2002,True
0030100001,1495,Tim Duncan,2001-2002,True
0030100001,1883,Steve Francis,2001-2002,True
0030100001,977,Kobe Bryant,2001-2002,True
0030100001,56,Gary Payton,2001-2002,True
0030100001,978,Peja Stojakovic,2001-2002,True
0030100001,959,Steve Nash,2001-2002,True
0030100001,1717,Dirk Nowitzki,2001-2002,True
0030100001,1882,Elton Brand,2001-2002,True
0030100001,1887,Wally Szczerbiak,2001-2002,True
0030100001,893,Michael Jordan,2001-2002,True
0030100001,952,Antoine Walker,2001-2002,True
0030100001,87,Dikembe Mutombo,2001-2002,True
0030100001,467,Jason Kidd,2001-2002,True
0030100001,947,Allen Iverson,2001-2002,True
0030100001,297,Alonzo Mourning,2001-2002,True
0030100001,951,Ray Allen,2001-2002,True
0030100001,949,Shareef Abdur-Rahim,2001-2002,True
0030100001,1718,Paul Pierce,2001-2002,True
0030100001,1503,Tracy McGrady,2001-2002,True
0030100001,979,Jermaine O'Neal,2001-2002,True
0030100001,1884,Baron Davis,2001-2002,True
0030000001,1495,Tim Duncan,2000-2001,True
0030000001,185,Chris Webber,2000-2001,True
0030000001,708,Kevin Garnett,2000-2001,True
0030000001,977,Kobe Bryant,2000-2001,True
0030000001,467,Jason Kidd,2000-2001,True
0030000001,714,Michael Finley,2000-2001,True
0030000001,56,Gary Payton,2000-2001,True
0030000001,739,Rasheed Wallace,2000-2001,True
0030000001,764,David Robinson,2000-2001,True
0030000001,686,Antonio McDyess,2000-2001,True
0030000001,124,Vlade Divac,2000-2001,True
0030000001,252,Karl Malone,2000-2001,True
0030000001,406,Shaquille O'Neal,2000-2001,True
0030000001,193,Anthony Mason,2000-2001,True
0030000001,1713,Vince Carter,2000-2001,True
0030000001,213,Antonio Davis,2000-2001,True
0030000001,1503,Tracy McGrady,2000-2001,True
0030000001,947,Allen Iverson,2000-2001,True
0030000001,950,Stephon Marbury,2000-2001,True
0030000001,951,Ray Allen,2000-2001,True
0030000001,299,Glenn Robinson,2000-2001,True
0030000001,275,Allan Houston,2000-2001,True
0030000001,87,Dikembe Mutombo,2000-2001,True
0030000001,711,Jerry Stackhouse,2000-2001,True
0030000001,84,Latrell Sprewell,2000-2001,True
0030000001,255,Grant Hill,2000-2001,True
0030000001,297,Alonzo Mourning,2000-2001,True
0030000001,689,Theo Ratliff,2000-2001,True
0039900001,1713,Vince Carter,1999-2000,True
0039900001,255,Grant Hill,1999-2000,True
0039900001,297,Alonzo Mourning,1999-2000,True
0039900001,224,Eddie Jones,1999-2000,True
0039900001,947,Allen Iverson,1999-2000,True
0039900001,275,Allan Houston,1999-2000,True
0039900001,905,Dale Davis,1999-2000,True
0039900001,397,Reggie Miller,1999-2000,True
0039900001,87,Dikembe Mutombo,1999-2000,True
0039900001,299,Glenn Robinson,1999-2000,True
0039900001,951,Ray Allen,1999-2000,True
0039900001,711,Jerry Stackhouse,1999-2000,True
0039900001,1495,Tim Duncan,1999-2000,True
0039900001,708,Kevin Garnett,1999-2000,True
0039900001,406,Shaquille O'Neal,1999-2000,True
0039900001,977,Kobe Bryant,1999-2000,True
0039900001,467,Jason Kidd,1999-2000,True
0039900001,56,Gary Payton,1999-2000,True
0039900001,304,John Stockton,1999-2000,True
0039900001,252,Karl Malone,1999-2000,True
0039900001,764,David Robinson,1999-2000,True
0039900001,739,Rasheed Wallace,1999-2000,True
0039900001,714,Michael Finley,1999-2000,True
0039900001,185,Chris Webber,1999-2000,True
0039700001,252,Karl Malone,1997-1998,True
0039700001,708,Kevin Garnett,1997-1998,True
0039700001,406,Shaquille O'Neal,1997-1998,True
0039700001,977,Kobe Bryant,1997-1998,True
0039700001,56,Gary Payton,1997-1998,True
0039700001,452,Vin Baker,1997-1998,True
0039700001,224,Eddie Jones,1997-1998,True
0039700001,764,David Robinson,1997-1998,True
0039700001,782,Mitch Richmond,1997-1998,True
0039700001,467,Jason Kidd,1997-1998,True
0039700001,89,Nick Van Exel,1997-1998,True
0039700001,1495,Tim Duncan,1997-1998,True
0039700001,255,Grant Hill,1997-1998,True
0039700001,431,Shawn Kemp,1997-1998,True
0039700001,87,Dikembe Mutombo,1997-1998,True
0039700001,893,Michael Jordan,1997-1998,True
0039700001,358,Anfernee Hardaway,1997-1998,True
0039700001,896,Tim Hardaway,1997-1998,True
0039700001,420,Jayson Williams,1997-1998,True
0039700001,22,Rik Smits,1997-1998,True
0039700001,397,Reggie Miller,1997-1998,True
0039700001,779,Glen Rice,1997-1998,True
0039700001,120,Steven Smith,1997-1998,True
0039700001,952,Antoine Walker,1997-1998,True
0039600001,431,Shawn Kemp,1996-1997,True
0039600001,252,Karl Malone,1996-1997,True
0039600001,165,Hakeem Olajuwon,1996-1997,True
0039600001,304,John Stockton,1996-1997,True
0039600001,56,Gary Payton,1996-1997,True
0039600001,224,Eddie Jones,1996-1997,True
0039600001,708,Kevin Garnett,1996-1997,True
0039600001,339,Tom Gugliotta,1996-1997,True
0039600001,84,Latrell Sprewell,1996-1997,True
0039600001,96,Detlef Schrempf,1996-1997,True
0039600001,782,Mitch Richmond,1996-1997,True
0039600001,423,Chris Gatling,1996-1997,True
0039600001,937,Scottie Pippen,1996-1997,True
0039600001,255,Grant Hill,1996-1997,True
0039600001,87,Dikembe Mutombo,1996-1997,True
0039600001,358,Anfernee Hardaway,1996-1997,True
0039600001,893,Michael Jordan,1996-1997,True
0039600001,452,Vin Baker,1996-1997,True
0039600001,779,Glen Rice,1996-1997,True
0039600001,896,Tim Hardaway,1996-1997,True
0039600001,210,Terrell Brandon,1996-1997,True
0039600001,185,Chris Webber,1996-1997,True
0039600001,363,Christian Laettner,1996-1997,True
0039600001,247,Joe Dumars,1996-1997,True
0039600001,297,Alonzo Mourning,1996-1997,True
0039500001,893,Michael Jordan,1995-1996,True
0039500001,406,Shaquille O'Neal,1995-1996,True
0039500001,252,Karl Malone,1995-1996,True
0039500001,121,Patrick Ewing,1995-1996,True
0039500001,165,Hakeem Olajuwon,1995-1996,True
0039500001,937,Scottie Pippen,1995-1996,True
0039500001,436,Juwan Howard,1995-1996,True
0039500001,304,John Stockton,1995-1996,True
0039500001,56,Gary Payton,1995-1996,True
0039500001,452,Vin Baker,1995-1996,True
0039500001,787,Charles Barkley,1995-1996,True
0039500001,397,Reggie Miller,1995-1996,True
0039500001,297,Alonzo Mourning,1995-1996,True
0039500001,358,Penny Hardaway,1995-1996,True
0039500001,782,Mitch Richmond,1995-1996,True
0039500001,210,Terrell Brandon,1995-1996,True
0039500001,764,David Robinson,1995-1996,True
0039500001,255,Grant Hill,1995-1996,True
0039500001,467,Jason Kidd,1995-1996,True
0039500001,431,Shawn Kemp,1995-1996,True
0039500001,17,Clyde Drexler,1995-1996,True
0039500001,87,Dikembe Mutombo,1995-1996,True
0039500001,779,Glen Rice,1995-1996,True
0039500001,251,Sean Elliott,1995-1996,True
0039400001,406,Shaquille O'Neal,1994-1995,True
0039400001,252,Karl Malone,1994-1995,True
0039400001,121,Patrick Ewing,1994-1995,True
0039400001,165,Hakeem Olajuwon,1994-1995,True
0039400001,344,Dana Barros,1994-1995,True
0039400001,913,Larry Johnson,1994-1995,True
0039400001,84,Latrell Sprewell,1994-1995,True
0039400001,937,Scottie Pippen,1994-1995,True
0039400001,304,John Stockton,1994-1995,True
0039400001,56,Gary Payton,1994-1995,True
0039400001,452,Vin Baker,1994-1995,True
0039400001,238,Tyrone Hill,1994-1995,True
0039400001,787,Charles Barkley,1994-1995,True
0039400001,397,Reggie Miller,1994-1995,True
0039400001,297,Alonzo Mourning,1994-1995,True
0039400001,358,Penny Hardaway,1994-1995,True
0039400001,782,Mitch Richmond,1994-1995,True
0039400001,105,Dan Majerle,1994-1995,True
0039400001,764,David Robinson,1994-1995,True
0039400001,255,Grant Hill,1994-1995,True
0039400001,96,Detlef Schrempf,1994-1995,True
0039400001,431,Shawn Kemp,1994-1995,True
0039400001,87,Dikembe Mutombo,1994-1995,True
0039400001,247,Joe Dumars,1994-1995,True
0039310001,406,Shaquille O'Neal,1993-1994,True
0039310001,252,Karl Malone,1993-1994,True
0039310001,121,Patrick Ewing,1993-1994,True
0039310001,165,Hakeem Olajuwon,1993-1994,True
0039310001,84,Latrell Sprewell,1993-1994,True
0039310001,330,Danny Manning,1993-1994,True
0039310001,72,Kenny Anderson,1993-1994,True
0039310001,937,Scottie Pippen,1993-1994,True
0039310001,934,Derrick Coleman,1993-1994,True
0039310001,317,John Starks,1993-1994,True
0039310001,304,John Stockton,1993-1994,True
0039310001,56,Gary Payton,1993-1994,True
0039310001,270,Horace Grant,1993-1994,True
0039310001,891,Charles Oakley,1993-1994,True
0039310001,134,Kevin Johnson,1993-1994,True
0039310001,782,Mitch Richmond,1993-1994,True
0039310001,769,B. J. Armstrong,1993-1994,True
0039310001,361,Clifford Robinson,1993-1994,True
0039310001,899,Mark Price,1993-1994,True
0039310001,764,David Robinson,1993-1994,True
0039310001,431,Shawn Kemp,1993-1994,True
0039310001,17,Clyde Drexler,1993-1994,True
0039310001,1122,Dominique Wilkins,1993-1994,True
0039310001,302,Mookie Blaylock,1993-1994,True
0039210001,893,Michael Jordan,1992-1993,True
0039210001,406,Shaquille O'Neal,1992-1993,True
0039210001,252,Karl Malone,1992-1993,True
0039210001,121,Patrick Ewing,1992-1993,True
0039210001,165,Hakeem Olajuwon,1992-1993,True
0039210001,913,Larry Johnson,1992-1993,True
0039210001,330,Danny Manning,1992-1993,True
0039210001,937,Scottie Pippen,1992-1993,True
0039210001,921,Brad Daugherty,1992-1993,True
0039210001,77685,Larry Nance,1992-1993,True
0039210001,304,John Stockton,1992-1993,True
0039210001,787,Charles Barkley,1992-1993,True
0039210001,78318,Isiah Thomas,1992-1993,True
0039210001,105,Dan Majerle,1992-1993,True
0039210001,899,Mark Price,1992-1993,True
0039210001,764,David Robinson,1992-1993,True
0039210001,896,Tim Hardaway,1992-1993,True
0039210001,96,Detlef Schrempf,1992-1993,True
0039210001,431,Shawn Kemp,1992-1993,True
0039210001,17,Clyde Drexler,1992-1993,True
0039210001,1122,Dominique Wilkins,1992-1993,True
0039210001,345,Terry Porter,1992-1993,True
0039210001,247,Joe Dumars,1992-1993,True
0039210001,251,Sean Elliott,1992-1993,True
0039100002,893,Michael Jordan,1991-1992,True
0039100002,77142,Magic Johnson,1991-1992,True
0039100002,252,Karl Malone,1991-1992,True
0039100002,121,Patrick Ewing,1991-1992,True
0039100002,165,Hakeem Olajuwon,1991-1992,True
0039100002,77384,Reggie Lewis,1991-1992,True
0039100002,937,Scottie Pippen,1991-1992,True
0039100002,23,Dennis Rodman,1991-1992,True
0039100002,204,Jeff Hornacek,1991-1992,True
0039100002,921,Brad Daugherty,1991-1992,True
0039100002,149,Michael Adams,1991-1992,True
0039100002,304,John Stockton,1991-1992,True
0039100002,904,Chris Mullin,1991-1992,True
0039100002,787,Charles Barkley,1991-1992,True
0039100002,78318,Isiah Thomas,1991-1992,True
0039100002,105,Dan Majerle,1991-1992,True
0039100002,899,Mark Price,1991-1992,True
0039100002,764,David Robinson,1991-1992,True
0039100002,896,Tim Hardaway,1991-1992,True
0039100002,901,Otis Thorpe,1991-1992,True
0039100002,17,Clyde Drexler,1991-1992,True
0039100002,87,Dikembe Mutombo,1991-1992,True
0039100002,1460,James Worthy,1991-1992,True
0039100002,788,Kevin Willis,1991-1992,True
0039100002,247,Joe Dumars,1991-1992,True
0039000002,893,Michael Jordan,1990-1991,True
0039000002,77142,Magic Johnson,1990-1991,True
0039000002,252,Karl Malone,1990-1991,True
0039000002,121,Patrick Ewing,1990-1991,True
0039000002,894,Ricky Pierce,1990-1991,True
0039000002,1472,Tom Chambers,1990-1991,True
0039000002,77264,Bernard King,1990-1991,True
0039000002,921,Brad Daugherty,1990-1991,True
0039000002,765,Hersey Hawkins,1990-1991,True
0039000002,304,John Stockton,1990-1991,True
0039000002,904,Chris Mullin,1990-1991,True
0039000002,1450,Kevin McHale,1990-1991,True
0039000002,787,Charles Barkley,1990-1991,True
0039000002,134,Kevin Johnson,1990-1991,True
0039000002,764,David Robinson,1990-1991,True
0039000002,896,Tim Hardaway,1990-1991,True
0039000002,926,Alvin Robertson,1990-1991,True
0039000002,17,Clyde Drexler,1990-1991,True
0039000002,1122,Dominique Wilkins,1990-1991,True
0039000002,1460,James Worthy,1990-1991,True
0039000002,345,Terry Porter,1990-1991,True
0039000002,305,Robert Parish,1990-1991,True
0039000002,247,Joe Dumars,1990-1991,True
0039000002,404,Kevin Duckworth,1990-1991,True
0038900002,893,Michael Jordan,1989-1990,True
0038900002,77142,Magic Johnson,1989-1990,True
0038900002,121,Patrick Ewing,1989-1990,True
0038900002,165,Hakeem Olajuwon,1989-1990,True
0038900002,1472,Tom Chambers,1989-1990,True
0038900002,937,Scottie Pippen,1989-1990,True
0038900002,23,Dennis Rodman,1989-1990,True
0038900002,76176,Rolando Blackman,1989-1990,True
0038900002,304,John Stockton,1989-1990,True
0038900002,920,A. C. Green,1989-1990,True
0038900002,904,Chris Mullin,1989-1990,True
0038900002,1450,Kevin McHale,1989-1990,True
0038900002,787,Charles Barkley,1989-1990,True
0038900002,134,Kevin Johnson,1989-1990,True
0038900002,397,Reggie Miller,1989-1990,True
0038900002,78318,Isiah Thomas,1989-1990,True
0038900002,77376,Fat Lever,1989-1990,True
0038900002,764,David Robinson,1989-1990,True
0038900002,17,Clyde Drexler,1989-1990,True
0038900002,1122,Dominique Wilkins,1989-1990,True
0038900002,1460,James Worthy,1989-1990,True
0038900002,1449,Larry Bird,1989-1990,True
0038900002,305,Robert Parish,1989-1990,True
0038900002,247,Joe Dumars,1989-1990,True
0038800002,893,Michael Jordan,1988-1989,True
0038800002,252,Karl Malone,1988-1989,True
0038800002,121,Patrick Ewing,1988-1989,True
0038800002,165,Hakeem Olajuwon,1988-1989,True
0038800002,1472,Tom Chambers,1988-1989,True
0038800002,76631,Mark Eaton,1988-1989,True
0038800002,921,Brad Daugherty,1988-1989,True
0038800002,77685,Larry Nance,1988-1989,True
0038800002,304,John Stockton,1988-1989,True
0038800002,76003,Kareem Abdul-Jabbar,1988-1989,True
0038800002,904,Chris Mullin,1988-1989,True
0038800002,77449,Moses Malone,1988-1989,True
0038800002,187,Terry Cummings,1988-1989,True
0038800002,1450,Kevin McHale,1988-1989,True
0038800002,787,Charles Barkley,1988-1989,True
0038800002,78318,Isiah Thomas,1988-1989,True
0038800002,899,Mark Price,1988-1989,True
0038800002,76673,Alex English,1988-1989,True
0038800002,17,Clyde Drexler,1988-1989,True
0038800002,1122,Dominique Wilkins,1988-1989,True
0038800002,1460,James Worthy,1988-1989,True
0038800002,349,Mark Jackson,1988-1989,True
0038800002,107,Dale Ellis,1988-1989,True
0038800002,404,Kevin Duckworth,1988-1989,True
0038700001,893,Michael Jordan,1987-1988,True
0038700001,77142,Magic Johnson,1987-1988,True
0038700001,252,Karl Malone,1987-1988,True
0038700001,121,Patrick Ewing,1987-1988,True
0038700001,165,Hakeem Olajuwon,1987-1988,True
0038700001,76016,Mark Aguirre,1987-1988,True
0038700001,921,Brad Daugherty,1987-1988,True
0038700001,76385,Maurice Cheeks,1987-1988,True
0038700001,76017,Danny Ainge,1987-1988,True
0038700001,1365,Xavier McDaniel,1987-1988,True
0038700001,76003,Kareem Abdul-Jabbar,1987-1988,True
0038700001,77449,Moses Malone,1987-1988,True
0038700001,1450,Kevin McHale,1987-1988,True
0038700001,787,Charles Barkley,1987-1988,True
0038700001,78318,Isiah Thomas,1987-1988,True
0038700001,77376,Fat Lever,1987-1988,True
0038700001,76583,James Donaldson,1987-1988,True
0038700001,926,Alvin Robertson,1987-1988,True
0038700001,76673,Alex English,1987-1988,True
0038700001,17,Clyde Drexler,1987-1988,True
0038700001,1122,Dominique Wilkins,1987-1988,True
0038700001,470,Doc Rivers,1987-1988,True
0038700001,1460,James Worthy,1987-1988,True
0038700001,1449,Larry Bird,1987-1988,True
0038600001,893,Michael Jordan,1986-1987,True
0038600001,77142,Magic Johnson,1986-1987,True
0038600001,76681,Julius Erving,1986-1987,True
0038600001,165,Hakeem Olajuwon,1986-1987,True
0038600001,76016,Mark Aguirre,1986-1987,True
0038600001,1472,Tom Chambers,1986-1987,True
0038600001,76176,Rolando Blackman,1986-1987,True
0038600001,76385,Maurice Cheeks,1986-1987,True
0038600001,76726,Sleepy Floyd,1986-1987,True
0038600001,76003,Kareem Abdul-Jabbar,1986-1987,True
0038600001,77449,Moses Malone,1986-1987,True
0038600001,1453,Walter Davis,1986-1987,True
0038600001,76353,Joe Barry Carroll,1986-1987,True
0038600001,1450,Kevin McHale,1986-1987,True
0038600001,787,Charles Barkley,1986-1987,True
0038600001,78318,Isiah Thomas,1986-1987,True
0038600001,926,Alvin Robertson,1986-1987,True
0038600001,76673,Alex English,1986-1987,True
0038600001,117,Jeff Malone,1986-1987,True
0038600001,1122,Dominique Wilkins,1986-1987,True
0038600001,1460,James Worthy,1986-1987,True
0038600001,1449,Larry Bird,1986-1987,True
0038600001,305,Robert Parish,1986-1987,True
0038600001,100263,Bill Laimbeer,1986-1987,True
0038500001,77142,Magic Johnson,1985-1986,True
0038500001,76681,Julius Erving,1985-1986,True
0038500001,165,Hakeem Olajuwon,1985-1986,True
0038500001,76176,Rolando Blackman,1985-1986,True
0038500001,78055,Ralph Sampson,1985-1986,True
0038500001,76385,Maurice Cheeks,1985-1986,True
0038500001,77160,Marques Johnson,1985-1986,True
0038500001,76003,Kareem Abdul-Jabbar,1985-1986,True
0038500001,77449,Moses Malone,1985-1986,True
0038500001,433,Buck Williams,1985-1986,True
0038500001,1450,Kevin McHale,1985-1986,True
0038500001,78318,Isiah Thomas,1985-1986,True
0038500001,76504,Adrian Dantley,1985-1986,True
0038500001,926,Alvin Robertson,1985-1986,True
0038500001,76673,Alex English,1985-1986,True
0038500001,117,Jeff Malone,1985-1986,True
0038500001,77626,Sidney Moncrief,1985-1986,True
0038500001,17,Clyde Drexler,1985-1986,True
0038500001,1122,Dominique Wilkins,1985-1986,True
0038500001,1460,James Worthy,1985-1986,True
0038500001,1449,Larry Bird,1985-1986,True
0038500001,305,Robert Parish,1985-1986,True
0038500001,600014,Artis Gilmore,1985-1986,True
0038400101,893,Michael Jordan,1984-1985,True
0038400101,77142,Magic Johnson,1984-1985,True
0038400101,76681,Julius Erving,1984-1985,True
0038400101,165,Hakeem Olajuwon,1984-1985,True
0038400101,76176,Rolando Blackman,1984-1985,True
0038400101,78055,Ralph Sampson,1984-1985,True
0038400101,77264,Bernard King,1984-1985,True
0038400101,77685,Larry Nance,1984-1985,True
0038400101,76003,Kareem Abdul-Jabbar,1984-1985,True
0038400101,77449,Moses Malone,1984-1985,True
0038400101,77141,Dennis Johnson,1984-1985,True
0038400101,187,Terry Cummings,1984-1985,True
0038400101,77952,Micheal Ray Richardson,1984-1985,True
0038400101,78318,Isiah Thomas,1984-1985,True
0038400101,76804,George Gervin,1984-1985,True
0038400101,76504,Adrian Dantley,1984-1985,True
0038400101,77721,Norm Nixon,1984-1985,True
0038400101,76673,Alex English,1984-1985,True
0038400101,77626,Sidney Moncrief,1984-1985,True
0038400101,78149,Jack Sikma,1984-1985,True
0038400101,1449,Larry Bird,1984-1985,True
0038400101,305,Robert Parish,1984-1985,True
0038400101,100263,Bill Laimbeer,1984-1985,True
0038400101,77691,Calvin Natt,1984-1985,True
0038300010,77142,Magic Johnson,1983-1984,True
0038300010,76681,Julius Erving,1983-1984,True
0038300010,76016,Mark Aguirre,1983-1984,True
0038300010,76874,Rickey Green,1983-1984,True
0038300010,78055,Ralph Sampson,1983-1984,True
0038300010,76170,Otis Birdsong,1983-1984,True
0038300010,77264,Bernard King,1983-1984,True
0038300010,77819,Jim Paxson,1983-1984,True
0038300010,76003,Kareem Abdul-Jabbar,1983-1984,True
0038300010,1453,Walter Davis,1983-1984,True
0038300010,1450,Kevin McHale,1983-1984,True
0038300010,78318,Isiah Thomas,1983-1984,True
0038300010,76804,George Gervin,1983-1984,True
0038300010,76504,Adrian Dantley,1983-1984,True
0038300010,78041,Jeff Ruland,1983-1984,True
0038300010,76673,Alex English,1983-1984,True
0038300010,77626,Sidney Moncrief,1983-1984,True
0038300010,78369,Kelly Tripucka,1983-1984,True
0038300010,78149,Jack Sikma,1983-1984,True
0038300010,78404,Kiki VanDeWeghe,1983-1984,True
0038300010,1449,Larry Bird,1983-1984,True
0038300010,305,Robert Parish,1983-1984,True
0038300010,78351,Andrew Toney,1983-1984,True
0038300010,100263,Bill Laimbeer,1983-1984,True
